,All Other Miscellaneous Schools and Instruction ,Automobile Driving Schools ,"Colleges, Universities, and Professional Schools ",Cosmetology and Barber Schools ,Elementary and Secondary Schools ,Exam Preparation and Tutoring ,Fine Arts Schools ,Junior Colleges ,Language Schools ,Other Technical and Trade Schools ,Sports and Recreation Instruction 
0,-0.4530120481927711,-0.556170628459785,-0.49346376937061726,-0.4090909090909091,-0.41151330255057167,-0.41227851260294485,-0.2956521739130435,-0.4968004653868528,-0.4567122866369368,-0.6727207977207977,-0.4167299225747685
1,-0.5976505139500734,-0.776962582538518,-0.4885489659887199,-0.7692307692307693,-0.4869287532400813,-0.4250530785562633,-0.7160493827160493,-0.6959537572254335,-0.7653552221907727,-0.1926006528835691,-0.3797501301405518
