,Caterers,Drinking Places (Alcoholic Beverages) ,Full-Service Restaurants ,Limited-Service Restaurants ,Snack and Nonalcoholic Beverage Bars 
0,-0.5541927794225076,-0.5907020092650969,-0.5894595042900873,-0.5930250377787822,-0.5008838720615438
1,-0.4317809400603709,-0.4122576727655889,-0.39837748757894015,-0.4570964174722111,-0.49092927103143436
