,All Other Miscellaneous Ambulatory Health Care Services ,All Other Outpatient Care Centers ,Ambulance Services ,Assisted Living Facilities for the Elderly ,Child Care Services ,Child and Youth Services ,Diagnostic Imaging Centers ,Family Planning Centers ,Freestanding Ambulatory Surgical and Emergency Centers ,General Medical and Surgical Hospitals ,Home Health Care Services,Kidney Dialysis Centers ,Medical Laboratories ,Nursing Care Facilities (Skilled Nursing Facilities) ,Offices of All Other Miscellaneous Health Practitioners ,Offices of Chiropractors ,Offices of Dentists ,Offices of Mental Health Practitioners (except Physicians) ,Offices of Optometrists,"Offices of Physical, Occupational and Speech Therapists, and Audiologists ",Offices of Physicians (except Mental Health Specialists) ,"Offices of Physicians, Mental Health Specialists ",Other Individual and Family Services ,Services for the Elderly and Persons with Disabilities ,Specialty (except Psychiatric and Substance Abuse) Hospitals ,Temporary Shelters 
0,-0.3652861796184272,-0.02860114404576183,-0.3746987951807229,-0.260343087790111,-0.3490926617124539,-0.2336182336182336,-0.4678362573099415,0.009549795361527967,-0.28674832962138086,-0.29281445168222414,-0.23237800154918667,-0.2899154423686114,-0.25894134477825465,-0.4411764705882353,-0.38441558441558443,-0.42189473684210527,-0.49792347795352127,-0.3716244287494807,-0.7495046702519106,-0.3173216885007278,-0.39657482168072705,-0.5454545454545454,-0.6300102774922919,-0.4664027273727043,-0.4115466101694915,-0.3209477652127087
1,-0.3379765395894428,-0.4197002141327623,-0.3603082851637765,-0.22783083219645292,-0.48152293704366994,-0.7657992565055762,-0.20192307692307693,-0.34162162162162163,-0.08040593286494926,-0.20567483643062665,-0.3763874873864783,-0.3335323872418154,-0.9548262548262548,-0.44351324170298356,-0.2841068917018284,-0.27021121631463946,-0.18661269506042474,-0.33462809917355374,-0.5163841807909605,-0.20007107320540157,-0.2856314252570103,1.2,-0.34444444444444444,-0.5958367683429514,-0.3096309630963096,-0.3885804916732752
